<?xml version="1.0" encoding="utf-8"?>
<Orders xmlns:xsi="http://www.w3.org/2001/XMLSchema-instance" xmlns:xsd="http://www.w3.org/2001/XMLSchema">
  <Order OrderId="10273" OrderDate="2015-08-05T00:00:00" ShipperId="3" ShippedDate="2015-08-12T00:00:00" Freight="76.0700">
    <Details>
      <OrderDetail ProductId="10" UnitPrice="24.8000" Quantity="24" Discount="0.05000000074505806">Ikura</OrderDetail>
      <OrderDetail ProductId="31" UnitPrice="10.0000" Quantity="15" Discount="0.05000000074505806">Gorgonzola Telino</OrderDetail>
      <OrderDetail ProductId="33" UnitPrice="2.0000" Quantity="20" Discount="0">Geitost</OrderDetail>
      <OrderDetail ProductId="40" UnitPrice="14.7000" Quantity="60" Discount="0.05000000074505806">Boston Crab Meat</OrderDetail>
      <OrderDetail ProductId="76" UnitPrice="14.4000" Quantity="33" Discount="0.05000000074505806">Lakkalikööri</OrderDetail>
    </Details>
  </Order>
  <Order OrderId="10285" OrderDate="2015-08-20T00:00:00" ShipperId="2" ShippedDate="2015-08-26T00:00:00" Freight="76.8300">
    <Details>
      <OrderDetail ProductId="1" UnitPrice="14.4000" Quantity="45" Discount="0.20000000298023224">Chai</OrderDetail>
      <OrderDetail ProductId="40" UnitPrice="14.7000" Quantity="40" Discount="0.20000000298023224">Boston Crab Meat</OrderDetail>
      <OrderDetail ProductId="53" UnitPrice="26.2000" Quantity="36" Discount="0.20000000298023224">Perth Pasties</OrderDetail>
    </Details>
  </Order>
  <Order OrderId="10286" OrderDate="2015-08-21T00:00:00" ShipperId="3" ShippedDate="2015-08-30T00:00:00" Freight="229.2400">
    <Details>
      <OrderDetail ProductId="35" UnitPrice="14.4000" Quantity="100" Discount="0">Steeleye Stout</OrderDetail>
      <OrderDetail ProductId="62" UnitPrice="39.4000" Quantity="40" Discount="0">Tarte au sucre</OrderDetail>
    </Details>
  </Order>
  <Order OrderId="10313" OrderDate="2015-09-24T00:00:00" ShipperId="2" ShippedDate="2015-10-04T00:00:00" Freight="1.9600">
    <Details>
      <OrderDetail ProductId="36" UnitPrice="15.2000" Quantity="12" Discount="0">Inlagd Sill</OrderDetail>
    </Details>
  </Order>
  <Order OrderId="10345" OrderDate="2015-11-04T00:00:00" ShipperId="2" ShippedDate="2015-11-11T00:00:00" Freight="249.0600">
    <Details>
      <OrderDetail ProductId="8" UnitPrice="32.0000" Quantity="70" Discount="0">Northwoods Cranberry Sauce</OrderDetail>
      <OrderDetail ProductId="19" UnitPrice="7.3000" Quantity="80" Discount="0">Teatime Chocolate Biscuits</OrderDetail>
      <OrderDetail ProductId="42" UnitPrice="11.2000" Quantity="9" Discount="0">Singaporean Hokkien Fried Mee</OrderDetail>
    </Details>
  </Order>
  <Order OrderId="10361" OrderDate="2015-11-22T00:00:00" ShipperId="2" ShippedDate="2015-12-03T00:00:00" Freight="183.1700">
    <Details>
      <OrderDetail ProductId="39" UnitPrice="14.4000" Quantity="54" Discount="0.10000000149011612">Chartreuse verte</OrderDetail>
      <OrderDetail ProductId="60" UnitPrice="27.2000" Quantity="55" Discount="0.10000000149011612">Camembert Pierrot</OrderDetail>
    </Details>
  </Order>
  <Order OrderId="10418" OrderDate="2016-01-17T00:00:00" ShipperId="1" ShippedDate="2016-01-24T00:00:00" Freight="17.5500">
    <Details>
      <OrderDetail ProductId="2" UnitPrice="15.2000" Quantity="60" Discount="0">Chang</OrderDetail>
      <OrderDetail ProductId="47" UnitPrice="7.6000" Quantity="55" Discount="0">Zaanse koeken</OrderDetail>
      <OrderDetail ProductId="61" UnitPrice="22.8000" Quantity="16" Discount="0">Sirop d'érable</OrderDetail>
      <OrderDetail ProductId="74" UnitPrice="8.0000" Quantity="15" Discount="0">Longlife Tofu</OrderDetail>
    </Details>
  </Order>
  <Order OrderId="10451" OrderDate="2016-02-19T00:00:00" ShipperId="3" ShippedDate="2016-03-12T00:00:00" Freight="189.0900">
    <Details>
      <OrderDetail ProductId="55" UnitPrice="19.2000" Quantity="120" Discount="0.10000000149011612">Pâté chinois</OrderDetail>
      <OrderDetail ProductId="64" UnitPrice="26.6000" Quantity="35" Discount="0.10000000149011612">Wimmers gute Semmelknödel</OrderDetail>
      <OrderDetail ProductId="65" UnitPrice="16.8000" Quantity="28" Discount="0.10000000149011612">Louisiana Fiery Hot Pepper Sauce</OrderDetail>
      <OrderDetail ProductId="77" UnitPrice="10.4000" Quantity="55" Discount="0.10000000149011612">Original Frankfurter grüne Soße</OrderDetail>
    </Details>
  </Order>
  <Order OrderId="10515" OrderDate="2016-04-23T00:00:00" ShipperId="1" ShippedDate="2016-05-23T00:00:00" Freight="204.4700">
    <Details>
      <OrderDetail ProductId="9" UnitPrice="97.0000" Quantity="16" Discount="0.15000000596046448">Mishi Kobe Niku</OrderDetail>
      <OrderDetail ProductId="16" UnitPrice="17.4500" Quantity="50" Discount="0">Pavlova</OrderDetail>
      <OrderDetail ProductId="27" UnitPrice="43.9000" Quantity="120" Discount="0">Schoggi Schokolade</OrderDetail>
      <OrderDetail ProductId="33" UnitPrice="2.5000" Quantity="16" Discount="0.15000000596046448">Geitost</OrderDetail>
      <OrderDetail ProductId="60" UnitPrice="34.0000" Quantity="84" Discount="0.15000000596046448">Camembert Pierrot</OrderDetail>
    </Details>
  </Order>
  <Order OrderId="10527" OrderDate="2016-05-05T00:00:00" ShipperId="1" ShippedDate="2016-05-07T00:00:00" Freight="41.9000">
    <Details>
      <OrderDetail ProductId="4" UnitPrice="22.0000" Quantity="50" Discount="0.10000000149011612">Chef Anton's Cajun Seasoning</OrderDetail>
      <OrderDetail ProductId="36" UnitPrice="19.0000" Quantity="30" Discount="0.10000000149011612">Inlagd Sill</OrderDetail>
    </Details>
  </Order>
  <Order OrderId="10540" OrderDate="2016-05-19T00:00:00" ShipperId="3" ShippedDate="2016-06-13T00:00:00" Freight="1007.6400">
    <Details>
      <OrderDetail ProductId="3" UnitPrice="10.0000" Quantity="60" Discount="0">Aniseed Syrup</OrderDetail>
      <OrderDetail ProductId="26" UnitPrice="31.2300" Quantity="40" Discount="0">Gumbär Gummibärchen</OrderDetail>
      <OrderDetail ProductId="38" UnitPrice="263.5000" Quantity="30" Discount="0">Côte de Blaye</OrderDetail>
      <OrderDetail ProductId="68" UnitPrice="12.5000" Quantity="35" Discount="0">Scottish Longbreads</OrderDetail>
    </Details>
  </Order>
  <Order OrderId="10549" OrderDate="2016-05-27T00:00:00" ShipperId="1" ShippedDate="2016-05-30T00:00:00" Freight="171.2400">
    <Details>
      <OrderDetail ProductId="31" UnitPrice="12.5000" Quantity="55" Discount="0.15000000596046448">Gorgonzola Telino</OrderDetail>
      <OrderDetail ProductId="45" UnitPrice="9.5000" Quantity="100" Discount="0.15000000596046448">Rogede sild</OrderDetail>
      <OrderDetail ProductId="51" UnitPrice="53.0000" Quantity="48" Discount="0.15000000596046448">Manjimup Dried Apples</OrderDetail>
    </Details>
  </Order>
  <Order OrderId="10588" OrderDate="2016-07-03T00:00:00" ShipperId="3" ShippedDate="2016-07-10T00:00:00" Freight="194.6700">
    <Details>
      <OrderDetail ProductId="18" UnitPrice="62.5000" Quantity="40" Discount="0.20000000298023224">Carnarvon Tigers</OrderDetail>
      <OrderDetail ProductId="42" UnitPrice="14.0000" Quantity="100" Discount="0.20000000298023224">Singaporean Hokkien Fried Mee</OrderDetail>
    </Details>
  </Order>
  <Order OrderId="10658" OrderDate="2016-09-05T00:00:00" ShipperId="1" ShippedDate="2016-09-08T00:00:00" Freight="364.1500">
    <Details>
      <OrderDetail ProductId="21" UnitPrice="10.0000" Quantity="60" Discount="0">Sir Rodney's Scones</OrderDetail>
      <OrderDetail ProductId="40" UnitPrice="18.4000" Quantity="70" Discount="0.05000000074505806">Boston Crab Meat</OrderDetail>
      <OrderDetail ProductId="60" UnitPrice="34.0000" Quantity="55" Discount="0.05000000074505806">Camembert Pierrot</OrderDetail>
      <OrderDetail ProductId="77" UnitPrice="13.0000" Quantity="70" Discount="0.05000000074505806">Original Frankfurter grüne Soße</OrderDetail>
    </Details>
  </Order>
  <Order OrderId="10691" OrderDate="2016-10-03T00:00:00" ShipperId="2" ShippedDate="2016-10-22T00:00:00" Freight="810.0500">
    <Details>
      <OrderDetail ProductId="1" UnitPrice="18.0000" Quantity="30" Discount="0">Chai</OrderDetail>
      <OrderDetail ProductId="29" UnitPrice="123.7900" Quantity="40" Discount="0">Thüringer Rostbratwurst</OrderDetail>
      <OrderDetail ProductId="43" UnitPrice="46.0000" Quantity="40" Discount="0">Ipoh Coffee</OrderDetail>
      <OrderDetail ProductId="44" UnitPrice="19.4500" Quantity="24" Discount="0">Gula Malacca</OrderDetail>
      <OrderDetail ProductId="62" UnitPrice="49.3000" Quantity="48" Discount="0">Tarte au sucre</OrderDetail>
    </Details>
  </Order>
  <Order OrderId="10694" OrderDate="2016-10-06T00:00:00" ShipperId="3" ShippedDate="2016-10-09T00:00:00" Freight="398.3600">
    <Details>
      <OrderDetail ProductId="7" UnitPrice="30.0000" Quantity="90" Discount="0">Uncle Bob's Organic Dried Pears</OrderDetail>
      <OrderDetail ProductId="59" UnitPrice="55.0000" Quantity="25" Discount="0">Raclette Courdavault</OrderDetail>
      <OrderDetail ProductId="70" UnitPrice="15.0000" Quantity="50" Discount="0">Outback Lager</OrderDetail>
    </Details>
  </Order>
  <Order OrderId="10721" OrderDate="2016-10-29T00:00:00" ShipperId="3" ShippedDate="2016-10-31T00:00:00" Freight="48.9200">
    <Details>
      <OrderDetail ProductId="44" UnitPrice="19.4500" Quantity="50" Discount="0.05000000074505806">Gula Malacca</OrderDetail>
    </Details>
  </Order>
  <Order OrderId="10745" OrderDate="2016-11-18T00:00:00" ShipperId="1" ShippedDate="2016-11-27T00:00:00" Freight="3.5200">
    <Details>
      <OrderDetail ProductId="18" UnitPrice="62.5000" Quantity="24" Discount="0">Carnarvon Tigers</OrderDetail>
      <OrderDetail ProductId="44" UnitPrice="19.4500" Quantity="16" Discount="0">Gula Malacca</OrderDetail>
      <OrderDetail ProductId="59" UnitPrice="55.0000" Quantity="45" Discount="0">Raclette Courdavault</OrderDetail>
      <OrderDetail ProductId="72" UnitPrice="34.8000" Quantity="7" Discount="0">Mozzarella di Giovanni</OrderDetail>
    </Details>
  </Order>
  <Order OrderId="10765" OrderDate="2016-12-04T00:00:00" ShipperId="3" ShippedDate="2016-12-09T00:00:00" Freight="42.7400">
    <Details>
      <OrderDetail ProductId="65" UnitPrice="21.0500" Quantity="80" Discount="0.10000000149011612">Louisiana Fiery Hot Pepper Sauce</OrderDetail>
    </Details>
  </Order>
  <Order OrderId="10788" OrderDate="2016-12-22T00:00:00" ShipperId="2" ShippedDate="2017-01-19T00:00:00" Freight="42.7000">
    <Details>
      <OrderDetail ProductId="19" UnitPrice="9.2000" Quantity="50" Discount="0.05000000074505806">Teatime Chocolate Biscuits</OrderDetail>
      <OrderDetail ProductId="75" UnitPrice="7.7500" Quantity="40" Discount="0.05000000074505806">Rhönbräu Klosterbier</OrderDetail>
    </Details>
  </Order>
  <Order OrderId="10845" OrderDate="2017-01-21T00:00:00" ShipperId="1" ShippedDate="2017-01-30T00:00:00" Freight="212.9800">
    <Details>
      <OrderDetail ProductId="23" UnitPrice="9.0000" Quantity="70" Discount="0.10000000149011612">Tunnbröd</OrderDetail>
      <OrderDetail ProductId="35" UnitPrice="18.0000" Quantity="25" Discount="0.10000000149011612">Steeleye Stout</OrderDetail>
      <OrderDetail ProductId="42" UnitPrice="14.0000" Quantity="42" Discount="0.10000000149011612">Singaporean Hokkien Fried Mee</OrderDetail>
      <OrderDetail ProductId="58" UnitPrice="13.2500" Quantity="60" Discount="0.10000000149011612">Escargots de Bourgogne</OrderDetail>
      <OrderDetail ProductId="64" UnitPrice="33.2500" Quantity="48" Discount="0">Wimmers gute Semmelknödel</OrderDetail>
    </Details>
  </Order>
  <Order OrderId="10865" OrderDate="2017-02-02T00:00:00" ShipperId="1" ShippedDate="2017-02-12T00:00:00" Freight="348.1400">
    <Details>
      <OrderDetail ProductId="38" UnitPrice="263.5000" Quantity="60" Discount="0.05000000074505806">Côte de Blaye</OrderDetail>
      <OrderDetail ProductId="39" UnitPrice="18.0000" Quantity="80" Discount="0.05000000074505806">Chartreuse verte</OrderDetail>
    </Details>
  </Order>
  <Order OrderId="10878" OrderDate="2017-02-10T00:00:00" ShipperId="1" ShippedDate="2017-02-12T00:00:00" Freight="46.6900">
    <Details>
      <OrderDetail ProductId="20" UnitPrice="81.0000" Quantity="20" Discount="0.05000000074505806">Sir Rodney's Marmalade</OrderDetail>
    </Details>
  </Order>
  <Order OrderId="10938" OrderDate="2017-03-10T00:00:00" ShipperId="2" ShippedDate="2017-03-16T00:00:00" Freight="31.8900">
    <Details>
      <OrderDetail ProductId="13" UnitPrice="6.0000" Quantity="20" Discount="0.25">Konbu</OrderDetail>
      <OrderDetail ProductId="43" UnitPrice="46.0000" Quantity="24" Discount="0.25">Ipoh Coffee</OrderDetail>
      <OrderDetail ProductId="60" UnitPrice="34.0000" Quantity="49" Discount="0.25">Camembert Pierrot</OrderDetail>
      <OrderDetail ProductId="71" UnitPrice="21.5000" Quantity="35" Discount="0.25">Flotemysost</OrderDetail>
    </Details>
  </Order>
  <Order OrderId="10962" OrderDate="2017-03-19T00:00:00" ShipperId="2" ShippedDate="2017-03-23T00:00:00" Freight="275.7900">
    <Details>
      <OrderDetail ProductId="7" UnitPrice="30.0000" Quantity="45" Discount="0">Uncle Bob's Organic Dried Pears</OrderDetail>
      <OrderDetail ProductId="13" UnitPrice="6.0000" Quantity="77" Discount="0">Konbu</OrderDetail>
      <OrderDetail ProductId="53" UnitPrice="32.8000" Quantity="20" Discount="0">Perth Pasties</OrderDetail>
      <OrderDetail ProductId="69" UnitPrice="36.0000" Quantity="9" Discount="0">Gudbrandsdalsost</OrderDetail>
      <OrderDetail ProductId="76" UnitPrice="18.0000" Quantity="44" Discount="0">Lakkalikööri</OrderDetail>
    </Details>
  </Order>
  <Order OrderId="10991" OrderDate="2017-04-01T00:00:00" ShipperId="1" ShippedDate="2017-04-07T00:00:00" Freight="38.5100">
    <Details>
      <OrderDetail ProductId="2" UnitPrice="19.0000" Quantity="50" Discount="0.20000000298023224">Chang</OrderDetail>
      <OrderDetail ProductId="70" UnitPrice="15.0000" Quantity="20" Discount="0.20000000298023224">Outback Lager</OrderDetail>
      <OrderDetail ProductId="76" UnitPrice="18.0000" Quantity="90" Discount="0.20000000298023224">Lakkalikööri</OrderDetail>
    </Details>
  </Order>
  <Order OrderId="10996" OrderDate="2017-04-02T00:00:00" ShipperId="2" ShippedDate="2017-04-10T00:00:00" Freight="1.1200">
    <Details>
      <OrderDetail ProductId="42" UnitPrice="14.0000" Quantity="40" Discount="0">Singaporean Hokkien Fried Mee</OrderDetail>
    </Details>
  </Order>
  <Order OrderId="11021" OrderDate="2017-04-14T00:00:00" ShipperId="1" ShippedDate="2017-04-21T00:00:00" Freight="297.1800">
    <Details>
      <OrderDetail ProductId="2" UnitPrice="19.0000" Quantity="11" Discount="0.25">Chang</OrderDetail>
      <OrderDetail ProductId="20" UnitPrice="81.0000" Quantity="15" Discount="0">Sir Rodney's Marmalade</OrderDetail>
      <OrderDetail ProductId="26" UnitPrice="31.2300" Quantity="63" Discount="0">Gumbär Gummibärchen</OrderDetail>
      <OrderDetail ProductId="51" UnitPrice="53.0000" Quantity="44" Discount="0.25">Manjimup Dried Apples</OrderDetail>
      <OrderDetail ProductId="72" UnitPrice="34.8000" Quantity="35" Discount="0">Mozzarella di Giovanni</OrderDetail>
    </Details>
  </Order>
</Orders>